,word,freq
1,the,3452
2,and,2099
3,to,1180
4,a,1036
5,he,1021
6,of,818
7,was,721
8,in,641
9,it,614
10,little,598
11,his,551
12,i,537
13,that,532
14,you,463
15,said,453
16,she,409
17,they,396
18,for,339
19,as,327
20,but,310
21,so,298
22,him,297
23,had,295
24,her,291
25,with,284
26,when,271
27,on,263
28,at,261
29,is,246
30,not,243
31,all,240
32,there,218
33,out,195
34,were,194
35,came,191
36,me,188
37,them,185
38,then,185
39,one,183
40,up,179
41,could,172
42,be,169
43,this,162
44,from,158
45,very,157
46,have,154
47,do,153
48,will,147
49,king,141
50,down,134
51,my,126
52,who,126
53,what,124
54,went,122
55,would,113
56,their,112
57,great,110
58,no,110
59,man,107
60,day,107
61,are,105
62,old,104
63,more,104
64,by,103
65,n't,100
66,if,99
67,see,97
68,time,97
69,like,93
70,saw,92
71,away,91
72,mother,90
73,made,89
74,did,88
75,into,88
76,your,87
77,can,85
78,good,84
79,over,84
80,about,83
81,come,83
82,an,82
83,after,81
84,jackal,80
85,father,77
86,where,77
87,go,77
88,looked,76
89,people,76
90,margery,73
91,how,73
92,we,73
93,boy,71
94,big,69
95,ran,69
96,just,67
97,make,67
98,now,67
99,know,66
100,again,66
101,thought,65
102,two,64
103,home,63
104,every,62
105,once,62
106,put,61
107,than,60
108,or,60
109,mouse,59
110,lion,59
111,am,59
112,much,58
113,never,58
114,some,58
115,long,58
116,way,57
117,took,57
118,back,56
119,other,55
120,last,55
121,before,54
122,nightingale,53
123,oh,53
124,himself,52
125,began,52
126,door,52
127,take,51
128,men,51
129,too,51
130,head,51
131,house,51
132,tree,50
133,own,50
134,fox,49
135,only,49
136,heard,49
137,emperor,48
138,water,48
139,garden,48
140,tailor,47
141,prince,47
142,work,47
143,upon,47
144,beautiful,47
145,dear,47
146,look,46
147,which,46
148,stood,46
149,still,46
150,white,45
151,brahmin,44
152,help,44
153,through,44
154,shall,44
155,david,43
156,got,43
157,many,43
158,until,43
159,any,43
160,think,43
161,night,43
162,red,42
163,thing,41
164,eat,41
165,been,41
166,poor,41
167,round,41
168,asked,40
169,off,40
170,something,40
171,while,40
172,enough,39
173,must,39
174,children,39
175,along,38
176,should,38
177,till,38
178,tiger,37
179,fir,37
180,always,37
181,left,37
182,half,37
183,soon,37
184,ground,37
185,gingerbread,36
186,called,36
187,grew,36
188,sing,36
189,let,36
190,lived,36
191,gold,35
192,hard,35
193,run,35
194,eyes,35
195,well,35
196,another,35
197,these,34
198,here,34
199,ever,34
200,get,34
201,story,34
202,epaminondas,33
203,city,33
204,horse,33
205,want,33
206,alligator,32
207,brother,32
208,first,32
209,found,32
210,felt,32
211,told,32
212,knew,32
213,such,31
214,next,31
215,wind,31
216,us,31
217,voice,31
218,leaves,30
219,because,30
220,place,30
221,going,30
222,fast,30
223,country,30
224,life,30
225,trees,30
226,give,30
227,earth,30
228,right,30
229,pretty,30
230,end,29
231,friend,29
232,quite,29
233,tiny,29
234,hand,29
235,bed,28
236,gave,28
237,cried,28
238,yes,28
239,child,28
240,wanted,28
241,small,28
242,tell,28
243,hermit,27
244,god,27
245,chick,27
246,even,27
247,things,27
248,turned,27
249,kept,27
250,morning,27
251,robert,26
252,wife,26
253,giant,26
254,used,26
255,set,26
256,kind,26
257,world,26
258,three,26
259,why,26
260,woman,26
261,hen,26
262,gone,26
263,far,26
264,nothing,25
265,find,25
266,anything,25
267,river,25
268,laughed,25
269,brought,25
270,heart,25
271,courtiers,24
272,happy,24
273,most,24
274,has,24
275,done,24
276,strong,24
277,sweet,24
278,sat,24
279,sent,23
280,court,23
281,hear,23
282,might,23
283,new,23
284,face,23
285,field,23
286,catch,23
287,struck,23
288,may,23
289,its,23
290,castle,22
291,servants,22
292,elsa,22
293,years,22
294,say,22
295,does,22
296,room,22
297,hold,22
298,wait,22
299,song,21
300,cage,21
301,fairy,21
302,land,21
303,moon,21
304,around,21
305,open,21
306,bag,21
307,cow,21
308,bread,21
309,death,21
310,cherry,20
311,money,20
312,mammy,20
313,cut,20
314,indeed,20
315,fine,20
316,light,20
317,near,20
318,food,20
319,care,20
320,sea,20
321,hands,20
322,girl,19
323,happened,19
324,carried,19
325,air,19
326,each,19
327,better,19
328,wonderful,19
329,became,19
330,without,19
331,sun,19
332,suddenly,19
333,green,19
334,music,18
335,palace,18
336,pull,18
337,everything,18
338,elephant,18
339,jack,18
340,rest,18
341,stone,18
342,those,18
343,our,18
344,killed,18
345,keep,18
346,flowers,18
347,opened,18
348,window,18
349,dark,18
350,statue,17
351,sicily,17
352,camel,17
353,christmas,17
354,thou,17
355,louisa,17
356,baby,17
357,grass,17
358,against,17
359,roll,17
360,best,17
361,really,17
362,behind,17
363,terrible,17
364,tried,17
365,fell,17
366,whole,17
367,fields,17
368,brown,17
369,tail,17
370,under,17
371,lazy,16
372,harp,16
373,margaret,16
374,tortoise,16
375,mountain,16
376,kick,16
377,hoppity,16
378,whale,16
379,hole,16
380,live,16
381,dead,16
382,lovely,16
383,side,16
384,wish,16
385,seen,16
386,ca,16
387,philistine,15
388,dagda,15
389,zelia,15
390,finger,15
391,young,15
392,dog,15
393,wood,15
394,liked,15
395,show,15
396,nice,15
397,almost,15
398,times,15
399,coming,15
400,alone,15
401,sight,15
402,across,15
403,same,15
404,full,15
405,ring,14
406,grey,14
407,kill,14
408,strange,14
409,worked,14
410,acorn,14
411,says,14
412,play,14
413,feet,14
414,bad,14
415,rollaround,14
416,stopped,14
417,sang,14
418,tired,14
419,bit,14
420,shoes,14
421,words,14
422,mighty,14
423,seemed,14
424,lay,14
425,sky,14
426,together,14
427,sound,14
428,answered,14
429,soft,14
430,stories,14
431,clown,13
432,saul,13
433,plough,13
434,died,13
435,war,13
436,able,13
437,women,13
438,loved,13
439,carry,13
440,wicked,13
441,wise,13
442,grow,13
443,read,13
444,fingers,13
445,straight,13
446,everybody,13
447,mean,13
448,low,13
449,sure,13
450,thin,13
451,often,13
452,middle,13
453,shouted,13
454,shut,13
455,sugar,13
456,love,13
457,rolled,13
458,cloud,13
459,few,13
460,wee,13
461,sad,13
462,rain,13
463,frode,12
464,artist,12
465,jester,12
466,seeds,12
467,clock,12
468,shoemaker,12
469,fight,12
470,soul,12
471,name,12
472,named,12
473,corn,12
474,presently,12
475,hidden,12
476,crab,12
477,crabs,12
478,ask,12
479,born,12
480,rid,12
481,flew,12
482,carefully,12
483,watch,12
484,evening,12
485,looking,12
486,free,12
487,save,12
488,drove,12
489,mr,12
490,bright,12
491,high,12
492,except,12
493,course,12
494,minute,12
495,fear,12
496,shoulder,12
497,angel,12
498,toward,12
499,die,12
500,early,12
501,tap,12
502,herself,12
503,fair,12
504,diamond,11
505,israel,11
506,donkey,11
507,salt,11
508,ten,11
509,ago,11
510,crown,11
511,real,11
512,being,11
513,begged,11
514,wolf,11
515,hin,11
516,paw,11
517,since,11
518,fairies,11
519,joy,11
520,days,11
521,snow,11
522,taken,11
523,stay,11
524,looks,11
525,between,11
526,word,11
527,shone,11
528,trundle,11
529,piece,11
530,glad,11
531,surely,11
532,frightened,11
533,jumped,11
534,mouth,11
535,girls,11
536,saved,11
537,woods,11
538,thinking,11
539,remembered,11
540,saying,11
541,yellow,11
542,gottlieb,10
543,battle,10
544,heavenly,10
545,drew,10
546,royal,10
547,tears,10
548,crickets,10
549,bench,10
550,maidens,10
551,thy,10
552,soldiers,10
553,wrote,10
554,clothes,10
555,grown,10
556,helped,10
557,moment,10
558,part,10
559,talk,10
560,else,10
561,thank,10
562,bring,10
563,ate,10
564,exactly,10
565,remember,10
566,golden,10
567,caught,10
568,brothers,10
569,beside,10
570,mud,10
571,rabbit,10
572,nobody,10
573,church,10
574,move,10
575,slowly,10
576,rich,10
577,butter,10
578,dinner,10
579,started,10
580,stones,10
581,threw,10
582,please,10
583,plant,10
584,sprang,10
585,filled,10
586,spoke,10
587,softly,10
588,sometimes,10
589,yet,10
590,passed,10
591,rose,10
592,top,10
593,sitting,10
594,path,10
595,dewdrop,9
596,christ,9
597,lord,9
598,magic,9
599,orchard,9
600,bear,9
601,beast,9
602,square,9
603,plants,9
604,throne,9
605,sword,9
606,majesty,9
607,deer,9
608,otter,9
609,given,9
610,perhaps,9
611,israelites,9
612,doors,9
613,touched,9
614,others,9
615,fortune,9
616,piccola,9
617,thee,9
618,bought,9
619,understand,9
620,finished,9
621,sit,9
622,four,9
623,true,9
624,son,9
625,figs,9
626,row,9
627,string,9
628,auntie,9
629,ye,9
630,chance,9
631,locked,9
632,foot,9
633,shiny,9
634,branches,9
635,knows,9
636,wonder,9
637,safe,9
638,hair,9
639,fire,9
640,trouble,9
641,walked,9
642,broke,9
643,ready,9
644,rope,9
645,hall,9
646,boat,9
647,funny,9
648,crying,9
649,stole,9
650,sides,9
651,deep,9
652,shook,9
653,harder,9
654,floor,9
655,meant,9
656,above,9
657,held,9
658,summer,9
659,pleased,9
660,midst,9
661,outside,9
662,blue,9
663,grind,8
664,millstones,8
665,dublin,8
666,sons,8
667,bade,8
668,keeper,8
669,prayer,8
670,service,8
671,ducks,8
672,different,8
673,alike,8
674,radish,8
675,cart,8
676,lettuce,8
677,gulls,8
678,daughter,8
679,ladies,8
680,horses,8
681,built,8
682,bird,8
683,maid,8
684,art,8
685,farmer,8
686,instead,8
687,wild,8
688,matter,8
689,cloak,8
690,deal,8
691,sheep,8
692,puppy,8
693,cool,8
694,ould,8
695,though,8
696,table,8
697,finally,8
698,key,8
699,inside,8
700,lake,8
701,supper,8
702,shining,8
703,slow,8
704,beauty,8
705,roots,8
706,kettle,8
707,windows,8
708,quickly,8
709,walk,8
710,certainly,8
711,tied,8
712,beat,8
713,listened,8
714,begin,8
715,edge,8
716,late,8
717,among,8
718,forest,8
719,village,8
720,wall,8
721,lying,8
722,pushed,8
723,town,8
724,lives,8
725,danced,8
726,nearer,8
727,roared,8
728,running,8
729,ahead,8
730,pulled,8
731,cap,8
732,planted,8
733,bowed,8
734,whispered,8
735,fly,8
736,tulip,8
737,fomorians,7
738,wealth,7
739,loose,7
740,line,7
741,seed,7
742,bells,7
743,chamberlain,7
744,hundreds,7
745,armies,7
746,army,7
747,living,7
748,soil,7
749,cane,7
750,road,7
751,wore,7
752,pairs,7
753,anyone,7
754,elves,7
755,husband,7
756,laugh,7
757,babies,7
758,pink,7
759,covered,7
760,singing,7
761,whom,7
762,kingdom,7
763,happiness,7
764,book,7
765,year,7
766,business,7
767,neighbours,7
768,family,7
769,larks,7
770,broken,7
771,crept,7
772,perfect,7
773,raised,7
774,traveller,7
775,third,7
776,shepherd,7
777,person,7
778,hat,7
779,wid,7
780,pot,7
781,shure,7
782,spot,7
783,dropped,7
784,boiling,7
785,lie,7
786,hill,7
787,wearing,7
788,servant,7
789,tall,7
790,moved,7
791,knees,7
792,bush,7
793,blackberry,7
794,warm,7
795,aside,7
796,beg,7
797,idea,7
798,sticks,7
799,weeds,7
800,foolish,7
801,mind,7
802,turn,7
803,gently,7
804,making,7
805,stuck,7
806,drum,7
807,doing,7
808,black,7
809,stars,7
810,beasts,7
811,beds,7
812,forth,7
813,comes,7
814,cheese,7
815,lost,7
816,safely,7
817,bigger,7
818,jungle,7
819,cover,7
820,afraid,7
821,heavy,7
822,faster,7
823,loud,7
824,stop,7
825,gay,7
826,myself,7
827,ripe,7
828,wheat,7
829,grain,7
830,animals,7
831,ah,7
832,hot,7
833,voices,7
834,rank,6
835,beetle,6
836,garraun,6
837,giants,6
838,warriors,6
839,asylum,6
840,orleans,6
841,suliman,6
842,prick,6
843,sank,6
844,holy,6
845,power,6
846,hath,6
847,pope,6
848,surprise,6
849,radishes,6
850,salad,6
851,robes,6
852,rows,6
853,valley,6
854,met,6
855,solomon,6
856,sounded,6
857,woodpecker,6
858,chief,6
859,dance,6
860,coat,6
861,leather,6
862,beautifully,6
863,whose,6
864,ordered,6
865,candles,6
866,silver,6
867,wondering,6
868,none,6
869,heads,6
870,sounds,6
871,gifts,6
872,tune,6
873,nor,6
874,famous,6
875,follow,6
876,sisters,6
877,themselves,6
878,call,6
879,watched,6
880,bubbles,6
881,sign,6
882,hope,6
883,strength,6
884,send,6
885,jove,6
886,fun,6
887,villagers,6
888,sense,6
889,ai,6
890,cake,6
891,jist,6
892,o,6
893,perch,6
894,farm,6
895,become,6
896,perfectly,6
897,lady,6
898,box,6
899,broth,6
900,within,6
901,morrow,6
902,friends,6
903,lights,6
904,queen,6
905,awake,6
906,frogs,6
907,shore,6
908,dare,6
909,arms,6
910,feel,6
911,bare,6
912,nod,6
913,cold,6
914,nodding,6
915,laid,6
916,twigs,6
917,bye,6
918,madrid,6
919,shell,6
920,speak,6
921,neither,6
922,both,6
923,backward,6
924,angry,6
925,hid,6
926,unless,6
927,picked,6
928,sleep,6
929,asleep,6
930,rather,6
931,stairs,6
932,sharp,6
933,hardly,6
934,large,6
935,cook,6
936,shelf,6
937,clear,6
938,whenever,6
939,threshers,6
940,barn,6
941,dressed,6
942,mill,6
943,powerful,6
944,hotter,6
945,hungry,6
946,working,6
947,wings,6
948,papa,6
949,doo,6
950,spring,6
951,whether,6
952,letter,5
953,forty,5
954,camp,5
955,philistines,5
956,slower,5
957,mounted,5
958,host,5
959,grinding,5
960,industrious,5
961,olive,5
962,haired,5
963,throw,5
964,less,5
965,evil,5
966,choose,5
967,grupello,5
968,herr,5
969,portrait,5
970,elector,5
971,smile,5
972,armour,5
973,fled,5
974,believe,5
975,peas,5
976,flower,5
977,sceptre,5
978,followed,5
979,louder,5
980,beating,5
981,vegetables,5
982,shouting,5
983,mine,5
984,lot,5
985,seem,5
986,eagerly,5
987,fruit,5
988,meet,5
989,five,5
990,however,5
991,promised,5
992,gentle,5
993,immediately,5
994,lizard,5
995,gong,5
996,twelve,5
997,pieces,5
998,prayers,5
999,learned,5
1000,cruel,5
1001,race,5
1002,shout,5
1003,strings,5
1004,ship,5
1005,offer,5
1006,treasure,5
1007,during,5
1008,learn,5
1009,princess,5
1010,try,5
1011,weary,5
1012,thoughts,5
1013,splendid,5
1014,taught,5
1015,lark,5
1016,rage,5
1017,m,5
1018,clever,5
1019,fish,5
1020,hide,5
1021,needed,5
1022,basket,5
1023,careful,5
1024,neck,5
1025,nearly,5
1026,pile,5
1027,firewood,5
1028,sister,5
1029,slipped,5
1030,root,5
1031,dig,5
1032,sorrow,5
1033,hunting,5
1034,smiled,5
1035,dancing,5
1036,shake,5
1037,plays,5
1038,north,5
1039,watching,5
1040,gathered,5
1041,blows,5
1042,brook,5
1043,harm,5
1044,happen,5
1045,terribly,5
1046,tight,5
1047,bow,5
1048,rule,5
1049,aha,5
1050,cross,5
1051,blew,5
1052,folk,5
1053,sailed,5
1054,mast,5
1055,leg,5
1056,push,5
1057,peace,5
1058,trap,5
1059,overhead,5
1060,eating,5
1061,corner,5
1062,paper,5
1063,leaped,5
1064,teeth,5
1065,showed,5
1066,single,5
1067,hiding,5
1068,holes,5
1069,jackals,5
1070,nose,5
1071,farther,5
1072,jump,5
1073,swim,5
1074,proud,5
1075,mowers,5
1076,pick,5
1077,shape,5
1078,afterward,5
1079,glory,5
1080,deed,5
1081,close,5
1082,dreamed,5
1083,praying,5
1084,drink,5
1085,happily,5
1086,ones,5
1087,crack,5
1088,messenger,5
1089,babe,4
1090,prayed,4
1091,brass,4
1092,snail,4
1093,towers,4
1094,arose,4
1095,slew,4
1096,precious,4
1097,swifter,4
1098,skin,4
1099,giving,4
1100,orphan,4
1101,sadly,4
1102,monster,4
1103,instant,4
1104,candide,4
1105,advice,4
1106,alas,4
1107,hammering,4
1108,jealous,4
1109,praise,4
1110,presence,4
1111,pity,4
1112,greeted,4
1113,ape,4
1114,banquet,4
1115,haste,4
1116,stolen,4
1117,latin,4
1118,rome,4
1119,yours,4
1120,workmen,4
1121,dicotyledonous,4
1122,stem,4
1123,crust,4
1124,front,4
1125,particular,4
1126,rake,4
1127,knife,4
1128,postman,4
1129,cottage,4
1130,short,4
1131,faces,4
1132,waltz,4
1133,twice,4
1134,creature,4
1135,lords,4
1136,strip,4
1137,trenches,4
1138,growing,4
1139,crops,4
1140,dug,4
1141,journey,4
1142,settled,4
1143,makes,4
1144,opinion,4
1145,worthless,4
1146,eagle,4
1147,master,4
1148,bullock,4
1149,banyan,4
1150,mail,4
1151,forgot,4
1152,delight,4
1153,midnight,4
1154,naked,4
1155,names,4
1156,useless,4
1157,faithful,4
1158,bitterly,4
1159,dears,4
1160,nurse,4
1161,laughter,4
1162,longer,4
1163,order,4
1164,beginning,4
1165,placed,4
1166,greatly,4
1167,worst,4
1168,winter,4
1169,unhappy,4
1170,andersen,4
1171,rushed,4
1172,woke,4
1173,seek,4
1174,brave,4
1175,honest,4
1176,shadow,4
1177,earned,4
1178,ill,4
1179,loft,4
1180,acted,4
1181,sew,4
1182,write,4
1183,use,4
1184,closely,4
1185,pleasant,4
1186,wrong,4
1187,second,4
1188,dragged,4
1189,trying,4
1190,crawled,4
1191,easy,4
1192,feeling,4
1193,week,4
1194,reach,4
1195,mistake,4
1196,hunt,4
1197,fond,4
1198,instantly,4
1199,agreed,4
1200,worth,4
1201,eel,4
1202,flock,4
1203,pies,4
1204,six,4
1205,ways,4
1206,sake,4
1207,law,4
1208,forehead,4
1209,pit,4
1210,wint,4
1211,splash,4
1212,pop,4
1213,difference,4
1214,carrying,4
1215,quick,4
1216,bringing,4
1217,sweep,4
1218,smooth,4
1219,bore,4
1220,drop,4
1221,pride,4
1222,sorry,4
1223,songs,4
1224,books,4
1225,nights,4
1226,mamma,4
1227,forward,4
1228,darkness,4
1229,blow,4
1230,dizzy,4
1231,crossed,4
1232,breath,4
1233,spite,4
1234,distance,4
1235,wing,4
1236,marvellous,4
1237,tie,4
1238,bushes,4
1239,biggest,4
1240,crouched,4
1241,lippety,4
1242,suppose,4
1243,rolling,4
1244,worse,4
1245,bumped,4
1246,hurry,4
1247,beam,4
1248,cry,4
1249,slept,4
1250,comfort,4
1251,queer,4
1252,standing,4
1253,hung,4
1254,dried,4
1255,kitchen,4
1256,stand,4
1257,thinks,4
1258,dreadful,4
1259,eaten,4
1260,places,4
1261,goodness,4
1262,snap,4
1263,reached,4
1264,bank,4
1265,oho,4
1266,coloured,4
1267,fat,4
1268,jacket,4
1269,flour,4
1270,duck,4
1271,goose,4
1272,also,4
1273,swept,4
1274,ocean,4
1275,burned,4
1276,greater,4
1277,breeze,4
1278,dry,4
1279,floated,4
1280,exclaimed,4
1281,birds,4
1282,poked,4
1283,keyhole,4
1284,whisper,4
1285,wear,4
1286,caps,4
1287,sire,3
1288,burgomaster,3
1289,birthday,3
1290,souls,3
1291,tricks,3
1292,celestial,3
1293,selfsame,3
1294,keeping,3
1295,youth,3
1296,defy,3
1297,serve,3
1298,shield,3
1299,staff,3
1300,spear,3
1301,armed,3
1302,parched,3
1303,modest,3
1304,animal,3
1305,steed,3
1306,rider,3
1307,pace,3
1308,longed,3
1309,east,3
1310,behold,3
1311,denmark,3
1312,answer,3
1313,pursued,3
1314,overtake,3
1315,gallon,3
1316,throwing,3
1317,build,3
1318,grasp,3
1319,warrior,3
1320,spears,3
1321,milk,3
1322,sickness,3
1323,honour,3
1324,beak,3
1325,heels,3
1326,wished,3
1327,although,3
1328,repented,3
1329,horror,3
1330,dungeon,3
1331,treated,3
1332,recognised,3
1333,vanished,3
1334,changed,3
1335,permit,3
1336,dared,3
1337,duesseldorf,3
1338,change,3
1339,commanded,3
1340,subjects,3
1341,churches,3
1342,services,3
1343,crowd,3
1344,welcome,3
1345,received,3
1346,rode,3
1347,presents,3
1348,stable,3
1349,dream,3
1350,figure,3
1351,sexton,3
1352,seat,3
1353,exalted,3
1354,seats,3
1355,selfish,3
1356,allemaine,3
1357,birch,3
1358,draw,3
1359,beet,3
1360,steps,3
1361,actions,3
1362,marked,3
1363,stake,3
1364,cord,3
1365,ploughing,3
1366,steady,3
1367,ploughed,3
1368,grand,3
1369,canariensis,3
1370,helianthus,3
1371,packages,3
1372,illustration,3
1373,weeding,3
1374,footpath,3
1375,beans,3
1376,rough,3
1377,eager,3
1378,delighted,3
1379,limbs,3
1380,blood,3
1381,whispers,3
1382,weight,3
1383,chose,3
1384,patch,3
1385,tunes,3
1386,listening,3
1387,played,3
1388,artificial,3
1389,throat,3
1390,crystal,3
1391,kneeling,3
1392,knelt,3
1393,wept,3
1394,gardens,3
1395,company,3
1396,crazy,3
1397,noticed,3
1398,yourself,3
1399,position,3
1400,pardon,3
1401,sees,3
1402,seems,3
1403,ungrateful,3
1404,wickedness,3
1405,crayfish,3
1406,kinds,3
1407,dainty,3
1408,grateful,3
1409,satisfied,3
1410,sell,3
1411,stitch,3
1412,loaves,3
1413,board,3
1414,hop,3
1415,questions,3
1416,hopped,3
1417,wages,3
1418,helpless,3
1419,flags,3
1420,plan,3
1421,possible,3
1422,somehow,3
1423,israelitish,3
1424,moses,3
1425,closed,3
1426,floating,3
1427,tub,3
1428,sledge,3
1429,nodded,3
1430,coats,3
1431,lit,3
1432,pointed,3
1433,later,3
1434,several,3
1435,memory,3
1436,supposed,3
1437,loss,3
1438,plain,3
1439,stir,3
1440,command,3
1441,lean,3
1442,task,3
1443,patience,3
1444,enemies,3
1445,america,3
1446,written,3
1447,publisher,3
1448,older,3
1449,earn,3
1450,beanstalk,3
1451,chairs,3
1452,shadowy,3
1453,merry,3
1454,lessons,3
1455,asking,3
1456,getting,3
1457,plenty,3
1458,nest,3
1459,smoked,3
1460,loudly,3
1461,raked,3
1462,flying,3
1463,heap,3
1464,fig,3
1465,furious,3
1466,nicely,3
1467,juicy,3
1468,puff,3
1469,pretend,3
1470,tender,3
1471,won,3
1472,colder,3
1473,walking,3
1474,worthy,3
1475,stork,3
1476,pond,3
1477,decided,3
1478,certain,3
1479,least,3
1480,paid,3
1481,killing,3
1482,lambs,3
1483,trick,3
1484,shawl,3
1485,laws,3
1486,loaf,3
1487,cooled,3
1488,melted,3
1489,fresh,3
1490,shoulders,3
1491,shtone,3
1492,fashter,3
1493,fright,3
1494,locks,3
1495,bilin,3
1496,thaught,3
1497,tuk,3
1498,din,3
1499,nivir,3
1500,yees,3
1501,spun,3
1502,underneath,3
1503,ugly,3
1504,stick,3
1505,bent,3
1506,slung,3
1507,scissors,3
1508,pocket,3
1509,rocks,3
1510,crafty,3
1511,jewels,3
1512,necklace,3
1513,chair,3
1514,climbed,3
1515,lock,3
1516,hurried,3
1517,seven,3
1518,patient,3
1519,gather,3
1520,cries,3
1521,burst,3
1522,thick,3
1523,grows,3
1524,patiently,3
1525,ruddy,3
1526,toys,3
1527,pass,3
1528,wrap,3
1529,tear,3
1530,weak,3
1531,lighted,3
1532,leaned,3
1533,needles,3
1534,scattered,3
1535,stands,3
1536,seized,3
1537,gate,3
1538,ho,3
1539,kicked,3
1540,laughing,3
1541,distress,3
1542,chicken,3
1543,eye,3
1544,ashamed,3
1545,teach,3
1546,solid,3
1547,sliding,3
1548,fetch,3
1549,stretched,3
1550,cows,3
1551,twenty,3
1552,trunk,3
1553,trust,3
1554,favour,3
1555,talking,3
1556,somebody,3
1557,pitch,3
1558,owl,3
1559,steeple,3
1560,past,3
1561,band,3
1562,ceiling,3
1563,blowing,3
1564,slumber,3
1565,cheeses,3
1566,danger,3
1567,taste,3
1568,pulling,3
1569,delicious,3
1570,nibbled,3
1571,nibble,3
1572,cupboard,3
1573,visit,3
1574,ao,3
1575,drowned,3
1576,mane,3
1577,ought,3
1578,besides,3
1579,alive,3
1580,quarter,3
1581,stream,3
1582,calling,3
1583,street,3
1584,pan,3
1585,buttons,3
1586,wo,3
1587,chickens,3
1588,heaven,3
1589,blessed,3
1590,yourselves,3
1591,spread,3
1592,blessing,3
1593,clouds,3
1594,lap,3
1595,sink,3
1596,rays,3
1597,larger,3
1598,easier,3
1599,lightly,3
1600,dle,3
1601,cock,3
1602,shine,3
1603,noise,3
1604,rustle,3
1605,rustling,3
1606,blade,2
1607,sparkled,2
1608,forget,2
1609,sir,2
1610,aid,2
1611,nay,2
1612,endless,2
1613,humble,2
1614,thanks,2
1615,timidly,2
1616,honoured,2
1617,convent,2
1618,thief,2
1619,measure,2
1620,grace,2
1621,worshipping,2
1622,oil,2
1623,leadeth,2
1624,psalms,2
1625,trusted,2
1626,continued,2
1627,victory,2
1628,fowls,2
1629,unto,2
1630,comest,2
1631,sling,2
1632,deliver,2
1633,defied,2
1634,delivered,2
1635,lamb,2
1636,mere,2
1637,shame,2
1638,champion,2
1639,helmet,2
1640,opposite,2
1641,captain,2
1642,ephah,2
1643,pastures,2
1644,guard,2
1645,goliath,2
1646,waving,2
1647,gigantic,2
1648,ray,2
1649,eleven,2
1650,hesitated,2
1651,shudder,2
1652,saddle,2
1653,fireworks,2
1654,entered,2
1655,ride,2
1656,grove,2
1657,noon,2
1658,minutes,2
1659,stride,2
1660,waste,2
1661,robe,2
1662,sigh,2
1663,robed,2
1664,gleamed,2
1665,fellow,2
1666,travellers,2
1667,waters,2
1668,breaking,2
1669,terror,2
1670,note,2
1671,cuckoo,2
1672,messengers,2
1673,odin,2
1674,showing,2
1675,remarked,2
1676,released,2
1677,prod,2
1678,drank,2
1679,arrived,2
1680,axe,2
1681,fit,2
1682,saluted,2
1683,galway,2
1684,homes,2
1685,mirth,2
1686,smote,2
1687,hanging,2
1688,cup,2
1689,safety,2
1690,chords,2
1691,strike,2
1692,wounded,2
1693,legends,2
1694,kings,2
1695,thousand,2
1696,ireland,2
1697,office,2
1698,orphans,2
1699,mothers,2
1700,motherless,2
1701,laundry,2
1702,haughery,2
1703,richly,2
1704,hotels,2
1705,sold,2
1706,ruled,2
1707,modesty,2
1708,tent,2
1709,lands,2
1710,dove,2
1711,starved,2
1712,unrewarded,2
1713,lead,2
1714,repent,2
1715,gazed,2
1716,distant,2
1717,transported,2
1718,transformed,2
1719,therefore,2
1720,bull,2
1721,greedy,2
1722,serpent,2
1723,tutor,2
1724,disgrace,2
1725,slave,2
1726,prison,2
1727,charming,2
1728,handsome,2
1729,refused,2
1730,cruelly,2
1731,ruin,2
1732,sharply,2
1733,cruelty,2
1734,ear,2
1735,petted,2
1736,temper,2
1737,enemy,2
1738,gift,2
1739,vision,2
1740,punish,2
1741,dearest,2
1742,reputation,2
1743,improved,2
1744,fault,2
1745,hind,2
1746,proportion,2
1747,successful,2
1748,flaws,2
1749,fame,2
1750,unveiled,2
1751,favourite,2
1752,public,2
1753,overjoyed,2
1754,bronze,2
1755,silent,2
1756,monks,2
1757,festivities,2
1758,chant,2
1759,choirs,2
1760,easter,2
1761,serving,2
1762,trains,2
1763,procession,2
1764,stern,2
1765,question,2
1766,cheek,2
1767,straw,2
1768,wretched,2
1769,companion,2
1770,impostor,2
1771,fury,2
1772,feast,2
1773,ragged,2
1774,scanty,2
1775,awoke,2
1776,deeply,2
1777,sneered,2
1778,degree,2
1779,clerk,2
1780,verse,2
1781,swelled,2
1782,chanting,2
1783,garments,2
1784,cared,2
1785,legend,2
1786,shines,2
1787,stout,2
1788,season,2
1789,dicotyledons,2
1790,leaf,2
1791,divided,2
1792,special,2
1793,waiting,2
1794,twinkle,2
1795,size,2
1796,signs,2
1797,examine,2
1798,apart,2
1799,examined,2
1800,opening,2
1801,seedlings,2
1802,beets,2
1803,ends,2
1804,patches,2
1805,vegetable,2
1806,screen,2
1807,wide,2
1808,lines,2
1809,photograph,2
1810,trickle,2
1811,stooping,2
1812,length,2
1813,inches,2
1814,trench,2
1815,hoed,2
1816,fertiliser,2
1817,thrown,2
1818,spade,2
1819,harrowing,2
1820,needs,2
1821,harrow,2
1822,platform,2
1823,firmly,2
1824,cornered,2
1825,harnessed,2
1826,driving,2
1827,sow,2
1828,sturdy,2
1829,shaped,2
1830,excited,2
1831,carrots,2
1832,canterbury,2
1833,calendula,2
1834,glorious,2
1835,wider,2
1836,weed,2
1837,page,2
1838,diagram,2
1839,nine,2
1840,tells,2
1841,leave,2
1842,obtained,2
1843,flown,2
1844,shadows,2
1845,banner,2
1846,velvet,2
1847,r,2
1848,thirty,2
1849,wound,2
1850,diamonds,2
1851,glu,2
1852,silken,2
1853,appointed,2
1854,cheeks,2
1855,easily,2
1856,imagine,2
1857,greenwood,2
1858,pale,2
1859,hush,2
1860,bullfrogs,2
1861,beyond,2
1862,trampled,2
1863,pages,2
1864,picture,2
1865,schools,2
1866,woe,2
1867,cultivated,2
1868,chorus,2
1869,startled,2
1870,weeping,2
1871,despair,2
1872,attacked,2
1873,fought,2
1874,news,2
1875,hopping,2
1876,nearest,2
1877,shoots,2
1878,spreading,2
1879,barren,2
1880,weariness,2
1881,hills,2
1882,pure,2
1883,streams,2
1884,desert,2
1885,mountains,2
1886,wagons,2
1887,pioneers,2
1888,sins,2
1889,swam,2
1890,willing,2
1891,manage,2
1892,lies,2
1893,pushing,2
1894,situation,2
1895,sort,2
1896,remind,2
1897,persuade,2
1898,lower,2
1899,grumbled,2
1900,rested,2
1901,falls,2
1902,shade,2
1903,wayside,2
1904,iron,2
1905,winds,2
1906,lance,2
1907,pike,2
1908,edged,2
1909,trailing,2
1910,punished,2
1911,trod,2
1912,dancer,2
1913,taking,2
1914,flat,2
1915,luck,2
1916,weeny,2
1917,commenced,2
1918,thread,2
1919,hammers,2
1920,prosperous,2
1921,customer,2
1922,having,2
1923,trusting,2
1924,pair,2
1925,housekeeper,2
1926,clean,2
1927,twinkling,2
1928,rise,2
1929,sooner,2
1930,stirred,2
1931,remaining,2
1932,thimble,2
1933,forefinger,2
1934,thumb,2
1935,stretch,2
1936,sobbed,2
1937,mistress,2
1938,married,2
1939,seam,2
1940,strangest,2
1941,adopted,2
1942,known,2
1943,guessed,2
1944,train,2
1945,seeming,2
1946,kissed,2
1947,months,2
1948,families,2
1949,hardship,2
1950,hoped,2
1951,rulers,2
1952,egyptians,2
1953,number,2
1954,settle,2
1955,numbers,2
1956,egypt,2
1957,nicest,2
1958,needle,2
1959,wondered,2
1960,sudden,2
1961,smoothly,2
1962,drooping,2
1963,chains,2
1964,spent,2
1965,pricked,2
1966,talked,2
1967,tops,2
1968,swung,2
1969,presume,2
1970,purposes,2
1971,gradually,2
1972,faded,2
1973,buried,2
1974,holiday,2
1975,fed,2
1976,starving,2
1977,sparrow,2
1978,shivering,2
1979,saint,2
1980,gladness,2
1981,shoe,2
1982,dawn,2
1983,nicholas,2
1984,st,2
1985,dawned,2
1986,pain,2
1987,striving,2
1988,drive,2
1989,parents,2
1990,twas,2
1991,france,2
1992,conquer,2
1993,win,2
1994,tire,2
1995,deeds,2
1996,troubles,2
1997,passion,2
1998,dwell,2
1999,possess,2
2000,playing,2
2001,telling,2
2002,europe,2
2003,sewed,2
2004,helping,2
2005,someone,2
2006,housework,2
2007,writing,2
2008,nuts,2
2009,pilgrimage,2
2010,fashioned,2
2011,trimmed,2
2012,cinderella,2
2013,fierce,2
2014,pillows,2
2015,ladder,2
2016,theatricals,2
2017,verses,2
2018,diary,2
2019,interesting,2
2020,study,2
2021,ourselves,2
2022,worry,2
2023,cousins,2
2024,uncles,2
2025,relatives,2
2026,trembling,2
2027,waits,2
2028,reap,2
2029,reapers,2
2030,cornfield,2
2031,piled,2
2032,crushed,2
2033,investigate,2
2034,huge,2
2035,whirlpool,2
2036,usually,2
2037,exceedingly,2
2038,waited,2
2039,sticking,2
2040,chances,2
2041,appetite,2
2042,bulrush,2
2043,smart,2
2044,cheerful,2
2045,jaws,2
2046,believed,2
2047,stronger,2
2048,greet,2
2049,surface,2
2050,harmless,2
2051,hurt,2
2052,log,2
2053,stupid,2
2054,swamp,2
2055,attention,2
2056,break,2
2057,pains,2
2058,wolves,2
2059,stepped,2
2060,bonnet,2
2061,step,2
2062,doorstep,2
2063,mince,2
2064,self,2
2065,dragging,2
2066,imitate,2
2067,wrapped,2
2068,tugged,2
2069,marched,2
2070,shuts,2
2071,afther,2
2072,be'ind,2
2073,shticks,2
2074,hersel,2
2075,track,2
2076,mither,2
2077,bones,2
2078,whin,2
2079,rashkill,2
2080,iv,2
2081,shly,2
2082,fall,2
2083,farmhouse,2
2084,wink,2
2085,whisked,2
2086,circle,2
2087,apronful,2
2088,apron,2
2089,market,2
2090,expect,2
2091,chimney,2
2092,hunted,2
2093,everywhere,2
2094,toes,2
2095,hillside,2
2096,northern,2
2097,journeys,2
2098,wits,2
2099,nigh,2
2100,gray,2
2101,feather,2
2102,trooping,2
2103,glen,2
2104,rushy,2
2105,airy,2
2106,content,2
2107,shouts,2
2108,darker,2
2109,dew,2
2110,berries,2
2111,blossoms,2
2112,dress,2
2113,swell,2
2114,sunbeams,2
2115,buds,2
2116,store,2
2117,peep,2
2118,dreary,2
2119,bitter,2
2120,melt,2
2121,wither,2
2122,lonely,2
2123,darling,2
2124,fence,2
2125,waved,2
2126,autumn,2
2127,western,2
2128,keeps,2
2129,twirled,2
2130,burn,2
2131,higher,2
2132,drown,2
2133,uncomfortable,2
2134,passing,2
2135,leaving,2
2136,bother,2
2137,whimpering,2
2138,fan,2
2139,begging,2
2140,bothered,2
2141,bill,2
2142,choked,2
2143,quiet,2
2144,seeing,2
2145,wherever,2
2146,spirit,2
2147,headstrong,2
2148,fourth,2
2149,fluffy,2
2150,fool,2
2151,jerked,2
2152,bottom,2
2153,dived,2
2154,brace,2
2155,reason,2
2156,tremendous,2
2157,braced,2
2158,remarkably,2
2159,jiffy,2
2160,tightly,2
2161,kindly,2
2162,horns,2
2163,grunted,2
2164,obliging,2
2165,mile,2
2166,kindness,2
2167,beach,2
2168,trumpeted,2
2169,stumbling,2
2170,steered,2
2171,tease,2
2172,streets,2
2173,sailing,2
2174,broad,2
2175,peeped,2
2176,stayed,2
2177,touch,2
2178,putting,2
2179,smelling,2
2180,especially,2
2181,apples,2
2182,bags,2
2183,shelves,2
2184,cellar,2
2185,gets,2
2186,cat,2
2187,prunes,2
2188,jar,2
2189,jars,2
2190,barley,2
2191,surprised,2
2192,invited,2
2193,floundered,2
2194,led,2
2195,stalked,2
2196,miserable,2
2197,nonsense,2
2198,pooh,2
2199,gobbled,2
2200,roar,2
2201,cave,2
2202,gracious,2
2203,anybody,2
2204,smelt,2
2205,chased,2
2206,roadside,2
2207,oven,2
2208,candy,2
2209,boys,2
2210,cluck,2
2211,greeting,2
2212,colours,2
2213,thunder,2
2214,creatures,2
2215,grasses,2
2216,majestic,2
2217,lifted,2
2218,marvellously,2
2219,proudly,2
2220,sinking,2
2221,heat,2
2222,thirsty,2
2223,suffering,2
2224,desolate,2
2225,below,2
2226,pleasure,2
2227,cheery,2
2228,sunshine,2
2229,whispering,2
2230,pane,2
2231,goes,2
2232,absent,1
2233,virtues,1
2234,unselfishness,1
2235,simple,1
2236,lesson,1
2237,homeward,1
2238,pondered,1
2239,swallowed,1
2240,tumbled,1
2241,slid,1
2242,resolve,1
2243,noble,1
2244,thirst,1
2245,disappointment,1
2246,sob,1
2247,piped,1
2248,darted,1
2249,fluttered,1
2250,skylark,1
2251,dust,1
2252,splashed,1
2253,silently,1
2254,flashes,1
2255,violet,1
2256,vivid,1
2257,secret,1
2258,combine,1
2259,winch,1
2260,carriage,1
2261,ridiculous,1
2262,allowing,1
2263,flattery,1
2264,sincerest,1
2265,imitation,1
2266,consolation,1
2267,imitates,1
2268,apes,1
2269,merely,1
2270,impudent,1
2271,disdain,1
2272,flashed,1
2273,ty,1
2274,beau,1
2275,timid,1
2276,interpose,1
2277,ventured,1
2278,fairly,1
2279,valueless,1
2280,utterly,1
2281,insignificant,1
2282,level,1
2283,placing,1
2284,distasteful,1
2285,grovelling,1
2286,loftily,1
2287,declare,1
2288,absurd,1
2289,contemptuous,1
2290,rude,1
2291,direction,1
2292,feelers,1
2293,affably,1
2294,relative,1
2295,alight,1
2296,gaze,1
2297,profound,1
2298,affectation,1
2299,tones,1
2300,languid,1
2301,responded,1
2302,nks,1
2303,tha,1
2304,importance,1
2305,espy,1
2306,chanced,1
2307,rambles,1
2308,consequence,1
2309,address,1
2310,feared,1
2311,gem,1
2312,fixedly,1
2313,blush,1
2314,noonday,1
2315,blazing,1
2316,clung,1
2317,daisies,1
2318,oxeye,1
2319,amid,1
2320,costly,1
2321,meekness,1
2322,rewarded,1
2323,celebrate,1
2324,illumined,1
2325,guardians,1
2326,forms,1
2327,silvery,1
2328,heavens,1
2329,resolved,1
2330,envy,1
2331,lowly,1
2332,sticky,1
2333,sprinkle,1
2334,waft,1
2335,manger,1
2336,palm,1
2337,wherein,1
2338,goodwill,1
2339,blessings,1
2340,truly,1
2341,chosen,1
2342,humility,1
2343,laden,1
2344,occur,1
2345,prickly,1
2346,longingly,1
2347,humbly,1
2348,visitor,1
2349,dame,1
2350,widow,1
2351,generous,1
2352,bless,1
2353,stranger,1
2354,imagined,1
2355,dainties,1
2356,loaded,1
2357,hearth,1
2358,objects,1
2359,unusual,1
2360,perceived,1
2361,gentleman,1
2362,doubt,1
2363,gruffly,1
2364,envelope,1
2365,chain,1
2366,burly,1
2367,sorted,1
2368,puzzled,1
2369,addressed,1
2370,spelt,1
2371,learnt,1
2372,pen,1
2373,stealing,1
2374,inspiration,1
2375,dreaming,1
2376,cast,1
2377,fancy,1
2378,lump,1
2379,brood,1
2380,troubled,1
2381,comforted,1
2382,stool,1
2383,shelter,1
2384,clothing,1
2385,provide,1
2386,difficult,1
2387,plying,1
2388,germany,1
2389,glow,1
2390,star,1
2391,faithfully,1
2392,repentance,1
2393,cells,1
2394,hermits,1
2395,younger,1
2396,poorer,1
2397,despaired,1
2398,husbands,1
2399,age,1
2400,porch,1
2401,everyone,1
2402,fasting,1
2403,hut,1
2404,forgiven,1
2405,transfigured,1
2406,mock,1
2407,preached,1
2408,knocked,1
2409,bonds,1
2410,wrist,1
2411,bound,1
2412,hopeless,1
2413,pierced,1
2414,imploring,1
2415,piteously,1
2416,ransom,1
2417,nuns,1
2418,pleaded,1
2419,utter,1
2420,streamed,1
2421,robber,1
2422,tormented,1
2423,robbers,1
2424,belonged,1
2425,painfully,1
2426,earning,1
2427,grin,1
2428,sadness,1
2429,silly,1
2430,tiring,1
2431,fooling,1
2432,stature,1
2433,mountebank,1
2434,shown,1
2435,longing,1
2436,temple,1
2437,comforting,1
2438,preaching,1
2439,peasant,1
2440,acorns,1
2441,mountainside,1
2442,=,1
2443,mercy,1
2444,runneth,1
2445,anointest,1
2446,preparest,1
2447,rod,1
2448,yea,1
2449,righteousness,1
2450,paths,1
2451,restoreth,1
2452,maketh,1
2453,spend,1
2454,loves,1
2455,processions,1
2456,choruses,1
2457,singers,1
2458,worship,1
2459,musician,1
2460,hundred,1
2461,forgotten,1
2462,thankful,1
2463,deserted,1
2464,wars,1
2465,forbore,1
2466,soldier,1
2467,wickedly,1
2468,battles,1
2469,herd,1
2470,sheath,1
2471,thence,1
2472,saveth,1
2473,assembly,1
2474,carcasses,1
2475,smite,1
2476,hast,1
2477,hosts,1
2478,flesh,1
2479,curses,1
2480,cudgel,1
2481,countenance,1
2482,disdained,1
2483,girded,1
2484,beard,1
2485,fail,1
2486,officers,1
2487,anger,1
2488,marriage,1
2489,killeth,1
2490,murmuring,1
2491,sore,1
2492,dismayed,1
2493,prevail,1
2494,array,1
2495,scornfully,1
2496,challenge,1
2497,warfare,1
2498,dares,1
2499,combat,1
2500,challenged,1
2501,gath,1
2502,weaver,1
2503,target,1
2504,legs,1
2505,greaves,1
2506,largest,1
2507,taunting,1
2508,striding,1
2509,slope,1
2510,confusion,1
2511,tumult,1
2512,amongst,1
2513,baggage,1
2514,pecks,1
2515,fare,1
2516,cares,1
2517,clang,1
2518,moonlight,1
2519,reaching,1
2520,slide,1
2521,eight,1
2522,beckoning,1
2523,threshold,1
2524,harness,1
2525,rattling,1
2526,wailed,1
2527,curled,1
2528,frantic,1
2529,mark,1
2530,strokes,1
2531,horrid,1
2532,body,1
2533,calf,1
2534,riding,1
2535,ablaze,1
2536,striking,1
2537,slimy,1
2538,moist,1
2539,mount,1
2540,thankfully,1
2541,grasped,1
2542,howls,1
2543,briers,1
2544,tore,1
2545,stumps,1
2546,scratched,1
2547,fallen,1
2548,bestir,1
2549,blankets,1
2550,comfortable,1
2551,aching,1
2552,assure,1
2553,groaning,1
2554,stony,1
2555,scolding,1
2556,coaxing,1
2557,budge,1
2558,appeared,1
2559,whistled,1
2560,bony,1
2561,setting,1
2562,rubbing,1
2563,sleepers,1
2564,nap,1
2565,drowsy,1
2566,comfortably,1
2567,pouch,1
2568,lunch,1
2569,moss,1
2570,dismounted,1
2571,example,1
2572,moderation,1
2573,shady,1
2574,pony,1
2575,shank,1
2576,plodding,1
2577,overtook,1
2578,headed,1
2579,hello,1
2580,bridled,1
2581,saddled,1
2582,finely,1
2583,whinny,1
2584,nosing,1
2585,sighed,1
2586,wistfully,1
2587,receive,1
2588,stroke,1
2589,whither,1
2590,hem,1
2591,discontented,1
2592,ball,1
2593,cobwebs,1
2594,butterfly,1
2595,glancing,1
2596,marble,1
2597,glistening,1
2598,heights,1
2599,worker,1
2600,throughout,1
2601,west,1
2602,south,1
2603,whence,1
2604,effect,1
2605,roughly,1
2606,sacked,1
2607,plundered,1
2608,crash,1
2609,shock,1
2610,trembled,1
2611,braces,1
2612,escape,1
2613,advancing,1
2614,tramp,1
2615,bloodshed,1
2616,revenge,1
2617,rings,1
2618,dwelling,1
2619,approaches,1
2620,warning,1
2621,curlews,1
2622,pitiless,1
2623,household,1
2624,hardness,1
2625,labours,1
2626,resumed,1
2627,wroth,1
2628,waxed,1
2629,cease,1
2630,harsh,1
2631,pause,1
2632,diligently,1
2633,performing,1
2634,riches,1
2635,abundant,1
2636,moan,1
2637,swift,1
2638,hunger,1
2639,directly,1
2640,grudge,1
2641,miller,1
2642,letters,1
2643,nature,1
2644,riddle,1
2645,inquiry,1
2646,childlike,1
2647,accounted,1
2648,steams,1
2649,rivers,1
2650,peculiarity,1
2651,loving,1
2652,peculiar,1
2653,account,1
2654,invent,1
2655,apt,1
2656,england,1
2657,ships,1
2658,dragon,1
2659,forefathers,1
2660,returned,1
2661,coach,1
2662,yesterday,1
2663,desired,1
2664,stomach,1
2665,drinking,1
2666,drunk,1
2667,poured,1
2668,sheepskin,1
2669,commence,1
2670,hour,1
2671,swallow,1
2672,delay,1
2673,skull,1
2674,manoeuvring,1
2675,arriving,1
2676,workpeople,1
2677,contrivance,1
2678,engaged,1
2679,fix,1
2680,peg,1
2681,clapped,1
2682,ploughman,1
2683,harvest,1
2684,lions,1
2685,crate,1
2686,allow,1
2687,foxes,1
2688,lift,1
2689,remain,1
2690,shovel,1
2691,kiln,1
2692,drooped,1
2693,laps,1
2694,fomorian,1
2695,dreams,1
2696,glee,1
2697,excess,1
2698,bowls,1
2699,flowed,1
2700,wine,1
2701,cups,1
2702,harmony,1
2703,wailing,1
2704,solemn,1
2705,sweeping,1
2706,whirling,1
2707,weapon,1
2708,banqueting,1
2709,vacant,1
2710,battlefield,1
2711,wives,1
2712,chieftains,1
2713,usual,1
2714,guarded,1
2715,comrade,1
2716,wounds,1
2717,buckle,1
2718,ornamented,1
2719,rare,1
2720,priest,1
2721,chieftain,1
2722,metal,1
2723,dull,1
2724,blunt,1
2725,eyed,1
2726,slender,1
2727,prettiest,1
2728,mixtures,1
2729,fights,1
2730,ornaments,1
2731,cloth,1
2732,weave,1
2733,mines,1
2734,countries,1
2735,wisdom,1
2736,signed,1
2737,protestants,1
2738,catholics,1
2739,jews,1
2740,asylums,1
2741,penny,1
2742,gown,1
2743,calico,1
2744,factory,1
2745,steam,1
2746,despite,1
2747,civil,1
2748,bakery,1
2749,hardest,1
2750,houses,1
2751,customers,1
2752,delivery,1
2753,possibly,1
2754,fathers,1
2755,ironed,1
2756,monument,1
2757,remembers,1
2758,princesses,1
2759,queens,1
2760,monuments,1
2761,surprising,1
2762,irish,1
2763,chinned,1
2764,common,1
2765,wears,1
2766,leans,1
2767,shops,1
2768,banks,1
2769,understood,1
2770,quality,1
2771,digging,1
2772,cultivating,1
2773,disappointed,1
2774,wandering,1
2775,adventure,1
2776,despised,1
2777,prospered,1
2778,bleed,1
2779,trice,1
2780,spell,1
2781,flowing,1
2782,cooed,1
2783,caressed,1
2784,eastern,1
2785,sought,1
2786,poisoned,1
2787,snatched,1
2788,devour,1
2789,meat,1
2790,prevented,1
2791,bite,1
2792,bark,1
2793,rescue,1
2794,kennel,1
2795,refreshed,1
2796,retired,1
2797,hurting,1
2798,menagerie,1
2799,keepers,1
2800,tearing,1
2801,corrupt,1
2802,tainted,1
2803,speaking,1
2804,offered,1
2805,struggled,1
2806,lightning,1
2807,gossip,1
2808,buzzing,1
2809,courtyard,1
2810,curiosity,1
2811,trappers,1
2812,catchers,1
2813,stumbled,1
2814,deformed,1
2815,image,1
2816,submission,1
2817,rush,1
2818,resemble,1
2819,brutal,1
2820,revengeful,1
2821,baser,1
2822,trumpet,1
2823,rang,1
2824,blinding,1
2825,clash,1
2826,fetters,1
2827,rebuked,1
2828,prepared,1
2829,trait,1
2830,cleverly,1
2831,courtier,1
2832,disobey,1
2833,innocent,1
2834,flattered,1
2835,pleasing,1
2836,astonishment,1
2837,embarrassing,1
2838,annoyed,1
2839,carelessly,1
2840,seize,1
2841,urged,1
2842,willed,1
2843,guilty,1
2844,pin,1
2845,kiss,1
2846,crossly,1
2847,pet,1
2848,scolded,1
2849,game,1
2850,spoiled,1
2851,warnings,1
2852,heed,1
2853,welfare,1
2854,roses,1
2855,wreath,1
2856,dazzling,1
2857,clad,1
2858,grieved,1
2859,friendship,1
2860,rejoiced,1
2861,wills,1
2862,reprove,1
2863,richest,1
2864,gladly,1
2865,whatever,1
2866,grant,1
2867,visited,1
2868,slunk,1
2869,heartily,1
2870,hammered,1
2871,simply,1
2872,fact,1
2873,changes,1
2874,considered,1
2875,adds,1
2876,rear,1
2877,graceful,1
2878,flaw,1
2879,summoned,1
2880,artistic,1
2881,saving,1
2882,credit,1
2883,enclosure,1
2884,steadily,1
2885,undisturbed,1
2886,assistants,1
2887,temporary,1
2888,assented,1
2889,quietly,1
2890,improvement,1
2891,awkward,1
2892,highness,1
2893,frankness,1
2894,declared,1
2895,humiliate,1
2896,bounds,1
2897,jealousy,1
2898,friendly,1
2899,view,1
2900,commission,1
2901,horseback,1
2902,wilhelm,1
2903,johann,1
2904,anecdote,1
2905,absorbed,1
2906,throbbing,1
2907,melody,1
2908,radiance,1
2909,smiling,1
2910,sinned,1
2911,knowest,1
2912,thanksgiving,1
2913,realised,1
2914,softened,1
2915,humblest,1
2916,earnest,1
2917,angels,1
2918,incense,1
2919,cathedral,1
2920,madman,1
2921,dangerous,1
2922,peter,1
2923,villages,1
2924,silk,1
2925,cloaks,1
2926,riders,1
2927,finer,1
2928,footmen,1
2929,horsemen,1
2930,meeting,1
2931,pillow,1
2932,coarse,1
2933,insulted,1
2934,swords,1
2935,dost,1
2936,stared,1
2937,kingship,1
2938,human,1
2939,delicate,1
2940,tables,1
2941,corridors,1
2942,stair,1
2943,blind,1
2944,gates,1
2945,knowing,1
2946,rags,1
2947,fluttering,1
2948,wildness,1
2949,unkempt,1
2950,tattered,1
2951,peering,1
2952,hoarse,1
2953,keys,1
2954,vagabond,1
2955,drunken,1
2956,pounding,1
2957,madly,1
2958,aisles,1
2959,dim,1
2960,angrily,1
2961,repeated,1
2962,choir,1
2963,vesper,1
2964,greatness,1
2965,pleasures,1
2966,tongue,1
2967,treetops,1
2968,burden,1
2969,bid,1
2970,region,1
2971,enjoyed,1
2972,talkative,1
2973,soberly,1
2974,dimpling,1
2975,trained,1
2976,parks,1
2977,forests,1
2978,nurseries,1
2979,monocotyledonous,1
2980,folded,1
2981,substitutes,1
2982,pockets,1
2983,drawl,1
2984,roundish,1
2985,unpleasant,1
2986,anxious,1
2987,precisely,1
2988,wrinkled,1
2989,hints,1
2990,irregular,1
2991,discovered,1
2992,searching,1
2993,regular,1
2994,faintly,1
2995,peeping,1
2996,twos,1
2997,nail,1
2998,mornings,1
2999,sprout,1
3000,o'clock,1
3001,cotyledons,1
3002,dreamland,1
3003,labelled,1
3004,mrs,1
3005,grandmothers,1
3006,stocks,1
3007,hollyhocks,1
3008,asters,1
3009,larkspur,1
3010,marigolds,1
3011,bachelor,1
3012,london,1
3013,creeper,1
3014,corners,1
3015,planned,1
3016,nasturtiums,1
3017,sunflowers,1
3018,hedge,1
3019,designed,1
3020,arrangement,1
3021,shallow,1
3022,tramped,1
3023,gardeners,1
3024,footpaths,1
3025,fertilising,1
3026,raking,1
3027,shovelled,1
3028,turf,1
3029,begun,1
3030,hoe,1
3031,sown,1
3032,transplanted,1
3033,tomato,1
3034,parsnips,1
3035,spinach,1
3036,sower,1
3037,teacher,1
3038,letting,1
3039,handful,1
3040,lined,1
3041,rotted,1
3042,shaken,1
3043,fork,1
3044,clods,1
3045,afford,1
3046,afternoons,1
3047,fewer,1
3048,scrambling,1
3049,scrambles,1
3050,ridges,1
3051,scratch,1
3052,curved,1
3053,implement,1
3054,unloaded,1
3055,tough,1
3056,avoid,1
3057,skill,1
3058,fascinating,1
3059,hours,1
3060,means,1
3061,virgin,1
3062,handles,1
3063,steel,1
3064,interest,1
3065,ploughs,1
3066,wagon,1
3067,takes,1
3068,marigold,1
3069,everydayish,1
3070,bell,1
3071,sunflower,1
3072,posies,1
3073,smell,1
3074,wallflowers,1
3075,french,1
3076,nasturtium,1
3077,labels,1
3078,printed,1
3079,reading,1
3080,colchester,1
3081,narcissus,1
3082,21,1
3083,primrose,1
3084,miss,1
3085,label,1
3086,happening,1
3087,ramble,1
3088,evenings,1
3089,pencil,1
3090,onions,1
3091,beetroot,1
3092,parsley,1
3093,cress,1
3094,mustard,1
3095,endive,1
3096,salads,1
3097,plot,1
3098,leading,1
3099,pear,1
3100,plum,1
3101,apple,1
3102,attended,1
3103,expected,1
3104,removed,1
3105,wishing,1
3106,park,1
3107,sunday,1
3108,dearly,1
3109,roofs,1
3110,pots,1
3111,building,1
3112,churchyard,1
3113,flow,1
3114,hollow,1
3115,chest,1
3116,congratulate,1
3117,candlesticks,1
3118,curtains,1
3119,shaky,1
3120,maker,1
3121,doctor,1
3122,whir,1
3123,nightingales,1
3124,whistle,1
3125,anywhere,1
3126,emeralds,1
3127,rubies,1
3128,package,1
3129,conversation,1
3130,ingale,1
3131,halls,1
3132,glug,1
3133,mouths,1
3134,allowed,1
3135,singer,1
3136,success,1
3137,emperors,1
3138,wax,1
3139,tinkled,1
3140,colour,1
3141,croaking,1
3142,mooing,1
3143,moo,1
3144,scraps,1
3145,important,1
3146,taller,1
3147,loveliest,1
3148,china,1
3149,gull,1
3150,cricket,1
3151,design,1
3152,weaving,1
3153,drawing,1
3154,pioneer,1
3155,stripped,1
3156,heavily,1
3157,gorged,1
3158,swarms,1
3159,dozens,1
3160,devoured,1
3161,branch,1
3162,breasts,1
3163,hovering,1
3164,outspread,1
3165,shrill,1
3166,circled,1
3167,soaring,1
3168,rising,1
3169,flapping,1
3170,plague,1
3171,deliverance,1
3172,struggles,1
3173,joined,1
3174,pray,1
3175,starvation,1
3176,wildly,1
3177,fires,1
3178,streaming,1
3179,crawling,1
3180,swarming,1
3181,watering,1
3182,flourished,1
3183,carpet,1
3184,sprouted,1
3185,hopes,1
3186,sprouting,1
3187,irrigating,1
3188,fertile,1
3189,raise,1
3190,depended,1
3191,partly,1
3192,provisions,1
3193,illness,1
3194,cabins,1
3195,huts,1
3196,inland,1
3197,jewel,1
3198,climate,1
3199,rockies,1
3200,climbing,1
3201,succeeded,1
3202,central,1
3203,plains,1
3204,journeyed,1
3205,mississippi,1
3206,coast,1
3207,atlantic,1
3208,deepest,1
3209,somewhere,1
3210,stoned,1
3211,destroy,1
3212,hullabaloo,1
3213,mouthful,1
3214,barely,1
3215,fill,1
3216,consequently,1
3217,swiftly,1
3218,advise,1
3219,bolted,1
3220,works,1
3221,forgive,1
3222,clearer,1
3223,leaping,1
3224,gives,1
3225,ordinary,1
3226,interrupted,1
3227,altogether,1
3228,understanding,1
3229,vacantly,1
3230,raising,1
3231,gaily,1
3232,fifth,1
3233,jeers,1
3234,pokes,1
3235,throws,1
3236,pigeon,1
3237,snorted,1
3238,slime,1
3239,breed,1
3240,arrows,1
3241,shoot,1
3242,rob,1
3243,eyrie,1
3244,soared,1
3245,frightful,1
3246,imploringly,1
3247,thankless,1
3248,loads,1
3249,served,1
3250,grumbling,1
3251,freed,1
3252,boughs,1
3253,scatter,1
3254,refresh,1
3255,decision,1
3256,abide,1
3257,argued,1
3258,unlocked,1
3259,brahmins,1
3260,treats,1
3261,india,1
3262,pats,1
3263,braiding,1
3264,fro,1
3265,braid,1
3266,blamed,1
3267,case,1
3268,shouldered,1
3269,protector,1
3270,beater,1
3271,motions,1
3272,promptly,1
3273,sets,1
3274,cleaned,1
3275,eve,1
3276,stitches,1
3277,bits,1
3278,trousers,1
3279,waistcoats,1
3280,aloud,1
3281,stitched,1
3282,curtain,1
3283,buy,1
3284,finish,1
3285,candle,1
3286,grandmother,1
3287,crossness,1
3288,badly,1
3289,broom,1
3290,quicker,1
3291,kneaded,1
3292,mixed,1
3293,measured,1
3294,cooking,1
3295,restless,1
3296,whisk,1
3297,palms,1
3298,knee,1
3299,chaps,1
3300,stare,1
3301,pouf,1
3302,muddle,1
3303,idle,1
3304,either,1
3305,foolishly,1
3306,rescued,1
3307,maiden,1
3308,events,1
3309,hebrew,1
3310,hebrews,1
3311,pitied,1
3312,bathe,1
3313,brink,1
3314,daubed,1
3315,bulrushes,1
3316,contrived,1
3317,remained,1
3318,dwindle,1
3319,proper,1
3320,tasks,1
3321,slaves,1
3322,hated,1
3323,adviser,1
3324,thousands,1
3325,quivered,1
3326,hospital,1
3327,hobbling,1
3328,wheeled,1
3329,propped,1
3330,dusk,1
3331,breathe,1
3332,doll,1
3333,balls,1
3334,rosy,1
3335,stuff,1
3336,touches,1
3337,parcels,1
3338,dresses,1
3339,aprons,1
3340,upright,1
3341,contentedly,1
3342,teams,1
3343,sledges,1
3344,murmured,1
3345,rocked,1
3346,nests,1
3347,slim,1
3348,memories,1
3349,plainly,1
3350,adaptation,1
3351,follows,1
3352,tale,1
3353,reader,1
3354,explanation,1
3355,text,1
3356,wandered,1
3357,distressed,1
3358,somewhat,1
3359,amused,1
3360,rereading,1
3361,audience,1
3362,tastes,1
3363,suit,1
3364,wholly,1
3365,latter,1
3366,original,1
3367,reproduction,1
3368,wove,1
3369,forthwith,1
3370,experiences,1
3371,impressions,1
3372,ensued,1
3373,search,1
3374,mental,1
3375,spending,1
3376,childhood,1
3377,christian,1
3378,hans,1
3379,probably,1
3380,charmed,1
3381,rapture,1
3382,warmed,1
3383,joyful,1
3384,faith,1
3385,befall,1
3386,doubted,1
3387,poverty,1
3388,grants,1
3389,seldom,1
3390,tis,1
3391,guide,1
3392,soothe,1
3393,doth,1
3394,infinite,1
3395,grief,1
3396,childish,1
3397,unseen,1
3398,temptation,1
3399,casteth,1
3400,sweetly,1
3401,sunny,1
3402,casts,1
3403,selfishness,1
3404,misleads,1
3405,wayward,1
3406,tempts,1
3407,governing,1
3408,feelings,1
3409,fourteen,1
3410,poem,1
3411,maybe,1
3412,duty,1
3413,dissatisfied,1
3414,unkind,1
3415,alcott,1
3416,beloved,1
3417,jolly,1
3418,wasting,1
3419,unselfish,1
3420,papers,1
3421,suffered,1
3422,act,1
3423,lanes,1
3424,pilgrims,1
3425,hats,1
3426,shells,1
3427,progress,1
3428,pilgrim,1
3429,wand,1
3430,godmother,1
3431,wheelbarrow,1
3432,pumpkin,1
3433,tumbling,1
3434,vine,1
3435,stage,1
3436,hay,1
3437,climb,1
3438,theatre,1
3439,wash,1
3440,diaries,1
3441,brain,1
3442,miles,1
3443,happiest,1
3444,begins,1
3445,hire,1
3446,reaping,1
3447,listen,1
3448,knives,1
3449,herring,1
3450,pleasantly,1
3451,hullo,1
3452,vowed,1
3453,humped,1
3454,moves,1
3455,suspicious,1
3456,singularly,1
3457,h,1
3458,risk,1
3459,breakfast,1
3460,kindest,1
3461,swirling,1
3462,fizzing,1
3463,blast,1
3464,cautiously,1
3465,satisfy,1
3466,weeks,1
3467,foamed,1
3468,elsewhere,1
3469,snout,1
3470,puts,1
3471,generally,1
3472,snapped,1
3473,lashed,1
3474,pshaw,1
3475,beneath,1
3476,deceive,1
3477,gobble,1
3478,edges,1
3479,unfastened,1
3480,beams,1
3481,tighter,1
3482,stormed,1
3483,hail,1
3484,storm,1
3485,puffed,1
3486,acknowledged,1
3487,test,1
3488,highway,1
3489,arguing,1
3490,quarrel,1
3491,bobbing,1
3492,deserve,1
3493,stupidity,1
3494,respecting,1
3495,fearing,1
3496,swimming,1
3497,wriggling,1
3498,despise,1
3499,tossed,1
3500,minds,1
3501,frog,1
3502,believes,1
3503,truth,1
3504,happens,1
3505,screamed,1
3506,fold,1
3507,expense,1
3508,guess,1
3509,cooling,1
3510,truck,1
3511,gwine,1
3512,massy,1
3513,crusty,1
3514,sakes,1
3515,ears,1
3516,pound,1
3517,crumbs,1
3518,fistful,1
3519,crunched,1
3520,fist,1
3521,brathe,1
3522,schalted,1
3523,ker,1
3524,wather,1
3525,dash,1
3526,yis,1
3527,hild,1
3528,shtring,1
3529,lid,1
3530,shtand,1
3531,shpied,1
3532,watchin,1
3533,thimpin,1
3534,hivy,1
3535,rins,1
3536,instid,1
3537,popped,1
3538,lept,1
3539,fore,1
3540,shnipped,1
3541,schissors,1
3542,betho't,1
3543,pay,1
3544,biled,1
3545,awhere,1
3546,knowed,1
3547,sorra,1
3548,shmotherin,1
3549,tracked,1
3550,dag,1
3551,whipped,1
3552,lookin,1
3553,whiruled,1
3554,bame,1
3555,wondrous,1
3556,schared,1
3557,shpread,1
3558,shtands,1
3559,tarns,1
3560,hides,1
3561,unbeknownst,1
3562,shlips,1
3563,throuble,1
3564,widout,1
3565,begorra,1
3566,shnug,1
3567,shtill,1
3568,craping,1
3569,alang,1
3570,saftly,1
3571,agin,1
3572,intil,1
3573,schame,1
3574,shkin,1
3575,nothin',1
3576,marm,1
3577,bile,1
3578,twad,1
3579,foine,1
3580,folly,1
3581,o'er,1
3582,farrum,1
3583,alane,1
3584,harrum,1
3585,bin,1
3586,ha,1
3587,once't,1
3588,scalded,1
3589,thump,1
3590,snip,1
3591,dizziness,1
3592,perched,1
3593,scared,1
3594,whiff,1
3595,scurried,1
3596,boil,1
3597,den,1
3598,sly,1
3599,forepaws,1
3600,closet,1
3601,drawers,1
3602,drawer,1
3603,noticing,1
3604,latched,1
3605,afternoon,1
3606,cooked,1
3607,steal,1
3608,prisoner,1
3609,points,1
3610,odd,1
3611,closing,1
3612,tapping,1
3613,oak,1
3614,poking,1
3615,adventures,1
3616,thorns,1
3617,sharpest,1
3618,daring,1
3619,thorn,1
3620,mosses,1
3621,craggy,1
3622,wake,1
3623,flag,1
3624,bridget,1
3625,sup,1
3626,starry,1
3627,rosses,1
3628,slieveleague,1
3629,stately,1
3630,crosses,1
3631,columbkill,1
3632,mist,1
3633,bridge,1
3634,sits,1
3635,hilltop,1
3636,dogs,1
3637,reeds,1
3638,foam,1
3639,tide,1
3640,pancakes,1
3641,crispy,1
3642,rocky,1
3643,watches,1
3644,share,1
3645,runs,1
3646,gathers,1
3647,redder,1
3648,ripen,1
3649,lo,1
3650,petals,1
3651,fragrant,1
3652,helps,1
3653,creep,1
3654,blades,1
3655,softer,1
3656,warmer,1
3657,stirring,1
3658,sap,1
3659,melts,1
3660,greenness,1
3661,warmth,1
3662,shutter,1
3663,firelight,1
3664,nestles,1
3665,cherish,1
3666,rattle,1
3667,clothe,1
3668,icy,1
3669,cling,1
3670,scarcely,1
3671,crimson,1
3672,honey,1
3673,smoothing,1
3674,spray,1
3675,earnestly,1
3676,fixed,1
3677,stocking,1
3678,knitting,1
3679,gravel,1
3680,elm,1
3681,turns,1
3682,perish,1
3683,cinder,1
3684,suffocate,1
3685,burning,1
3686,frightfully,1
3687,feathers,1
3688,needing,1
3689,sentry,1
3690,skipped,1
3691,smother,1
3692,brush,1
3693,clump,1
3694,damp,1
3695,smothered,1
3696,naughtily,1
3697,protect,1
3698,plump,1
3699,hatched,1
3700,spanish,1
3701,bargain,1
3702,somersault,1
3703,fumed,1
3704,spouted,1
3705,jerk,1
3706,surf,1
3707,slipping,1
3708,provoked,1
3709,forefeet,1
3710,tightened,1
3711,politely,1
3712,grandly,1
3713,huh,1
3714,compliment,1
3715,venture,1
3716,sniggered,1
3717,suits,1
3718,join,1
3719,sand,1
3720,fooled,1
3721,youngster,1
3722,planets,1
3723,knocking,1
3724,criss,1
3725,steer,1
3726,behaved,1
3727,treat,1
3728,lamp,1
3729,naughty,1
3730,lamps,1
3731,trunks,1
3732,startling,1
3733,squirrels,1
3734,scaring,1
3735,trundling,1
3736,decent,1
3737,vane,1
3738,weather,1
3739,schoolhouse,1
3740,main,1
3741,sail,1
3742,shirt,1
3743,fastened,1
3744,castors,1
3745,excuse,1
3746,point,1
3747,barrels,1
3748,spicy,1
3749,sausages,1
3750,bunches,1
3751,specially,1
3752,mouser,1
3753,sh,1
3754,miaouw,1
3755,scratching,1
3756,prune,1
3757,tugging,1
3758,shaking,1
3759,bang,1
3760,lucky,1
3761,tasted,1
3762,mice,1
3763,gnawed,1
3764,lowest,1
3765,sorts,1
3766,steep,1
3767,reflection,1
3768,growled,1
3769,fearful,1
3770,wretches,1
3771,towards,1
3772,cunning,1
3773,fret,1
3774,b'lieve,1
3775,pounced,1
3776,quarters,1
3777,wet,1
3778,disturbing,1
3779,chuckled,1
3780,pasture,1
3781,pinched,1
3782,orange,1
3783,currants,1
3784,raisins,1
3785,chocolate,1
3786,baked,1
3787,farmyard,1
3788,hearts,1
3789,itself,1
3790,sacrificed,1
3791,brightest,1
3792,arch,1
3793,rainbow,1
3794,shower,1
3795,healing,1
3796,glowed,1
3797,awe,1
3798,boldly,1
3799,swayed,1
3800,obliged,1
3801,fainting,1
3802,fiercely,1
3803,thither,1
3804,hither,1
3805,drought,1
3806,littlest,1
3807,springtime,1
3808,poke,1
3809,s'pose,1
3810,n,1
3811,sleeps,1
3812,snows,1
3813,rains,1
3814,slight,1
3815,flax,1
3816,ribbons,1
3817,gentlemen,1
3818,ken,1
3819,rhyme,1
3820,riddles,1
3821,1918,1
3822,bryant,1
3823,cone,1
3824,sara,1
